original_name,word_1,word_2,word_3,word_4,word_5,word_6,volume,type
HE 5HE [F],HE,5HE,,,,,,F
HE 5HE [L],HE,5HE,,,,,,L
HE Anisata [B],HE,Anisata,,,,,,B
HE Anisata [C],HE,Anisata,,,,,,C
HE Anisata [EC],HE,Anisata,,,,,,EC
HE Anisata [E],HE,Anisata,,,,,,E
HE Anisata [F],HE,Anisata,,,,,,F
HE Anisata [L],HE,Anisata,,,,,,L
HE Anisata [MC],HE,Anisata,,,,,,MC
HE Aromatica [B],HE,Aromatica,,,,,,B
HE Aromatica [C],HE,Aromatica,,,,,,C
HE Aromatica [EC],HE,Aromatica,,,,,,EC
HE Aromatica [E],HE,Aromatica,,,,,,E
HE Aromatica [F],HE,Aromatica,,,,,,F
HE Aromatica [L],HE,Aromatica,,,,,,L
HE Aromatica [MC],HE,Aromatica,,,,,,MC
HE Baie Rose BIO [E],HE,Baie,Rose,BIO,,,,E
HE Baie Rose Bio,HE,Baie,Rose,Bio,,,,
HE Baie Rose Bio FFL,HE,Baie,Rose,Bio,FFL,,,
HE Baie Rose [B],HE,Baie,Rose,,,,,B
HE Baie Rose [C],HE,Baie,Rose,,,,,C
HE Baie Rose [EC],HE,Baie,Rose,,,,,EC
HE Baie Rose [E],HE,Baie,Rose,,,,,E
HE Baie Rose [F],HE,Baie,Rose,,,,,F
HE Baie Rose [L],HE,Baie,Rose,,,,,L
HE Baie Rose [MC],HE,Baie,Rose,,,,,MC
HE Baie Rose bio FFL [E],HE,Baie,Rose,bio,FFL,,,E
HE Baie Rose feuille Bio ,HE,Baie,Rose,feuille,Bio,,,
HE Baie Rose feuille Bio FFL,HE,Baie,Rose,feuille,Bio,FFL,,
HE Baie Rose feuille [B],HE,Baie,Rose,feuille,,,,B
HE Baie Rose feuille [C],HE,Baie,Rose,feuille,,,,C
HE Baie Rose feuille [EC],HE,Baie,Rose,feuille,,,,EC
HE Baie Rose feuille [E],HE,Baie,Rose,feuille,,,,E
HE Baie Rose feuille [F],HE,Baie,Rose,feuille,,,,F
HE Baie Rose feuille [L],HE,Baie,Rose,feuille,,,,L
HE Baie Rose feuille [MC],HE,Baie,Rose,feuille,,,,MC
HE Cannelle de Ceylan feuille BIO FFL [E],HE,Cannelle,Ceylan,feuille,BIO,FFL,,E
HE Cannelle de Ceylan feuille Bio [E],HE,Cannelle,Ceylan,feuille,Bio,,,E
HE Cannelle de Ceylan ecorce BIO FFL [E],HE,Cannelle,Ceylan,ecorce,BIO,FFL,,E
HE Cannelle de Ceylan ecorce Bio [E],HE,Cannelle,Ceylan,ecorce,Bio,,,E
HE Cannelle de ceylan ecorce Bio ACTIFLORA 10ml,HE,Cannelle,ceylan,ecorce,Bio,ACTIFLORA,10ML,
HE Cannelle de ceylan ecorce Bio ACTIFLORA 5ml,HE,Cannelle,ceylan,ecorce,Bio,ACTIFLORA,5ML,
HE Cannelle feuille BIO FFL [E],HE,Cannelle,feuille,BIO,FFL,,,E
HE Cannelle feuille Bio ,HE,Cannelle,feuille,Bio,,,,
HE Cannelle feuille Bio ACTIFLORA 10ml,HE,Cannelle,feuille,Bio,ACTIFLORA,,10ML,
HE Cannelle feuille Bio FFL,HE,Cannelle,feuille,Bio,FFL,,,
HE Cannelle feuille [B],HE,Cannelle,feuille,,,,,B
HE Cannelle feuille [C],HE,Cannelle,feuille,,,,,C
HE Cannelle feuille [EC],HE,Cannelle,feuille,,,,,EC
HE Cannelle feuille [E],HE,Cannelle,feuille,,,,,E
HE Cannelle feuille [F],HE,Cannelle,feuille,,,,,F
HE Cannelle feuille [L],HE,Cannelle,feuille,,,,,L
HE Cannelle feuille [MC],HE,Cannelle,feuille,,,,,MC
HE Cannelle ecorce BIO [E],HE,Cannelle,ecorce,BIO,,,,E
HE Cannelle ecorce Bio ,HE,Cannelle,ecorce,Bio,,,,
HE Cannelle ecorce Bio FFL,HE,Cannelle,ecorce,Bio,FFL,,,
HE Cannelle ecorce [B],HE,Cannelle,ecorce,,,,,B
HE Cannelle ecorce [C],HE,Cannelle,ecorce,,,,,C
HE Cannelle ecorce [EC],HE,Cannelle,ecorce,,,,,EC
HE Cannelle ecorce [E],HE,Cannelle,ecorce,,,,,E
HE Cannelle ecorce [F],HE,Cannelle,ecorce,,,,,F
HE Cannelle ecorce [L],HE,Cannelle,ecorce,,,,,L
HE Cannelle ecorce [MC],HE,Cannelle,ecorce,,,,,MC
HE Cedrelopsis [B],HE,Cedrelopsis,,,,,,B
HE Cedrelopsis [C],HE,Cedrelopsis,,,,,,C
HE Cedrelopsis [EC],HE,Cedrelopsis,,,,,,EC
HE Cedrelopsis [E],HE,Cedrelopsis,,,,,,E
HE Cedrelopsis [F],HE,Cedrelopsis,,,,,,F
HE Cedrelopsis [L],HE,Cedrelopsis,,,,,,L
HE Cedrelopsis [MC],HE,Cedrelopsis,,,,,,MC
HE Citriodora Bio ACTIFLORA 10ml,HE,Citriodora,Bio,ACTIFLORA,,,10ML,
HE Citriodora Bio FFL,HE,Citriodora,Bio,FFL,,,,
HE Citriodora Bio FFL[E],HE,Citriodora,Bio,FFL[E],,,,
HE Citriodora Bio [E],HE,Citriodora,Bio,,,,,E
HE Citriodora [B],HE,Citriodora,,,,,,B
HE Citriodora [C],HE,Citriodora,,,,,,C
HE Citriodora [EC],HE,Citriodora,,,,,,EC
HE Citriodora [E],HE,Citriodora,,,,,,E
HE Citriodora [F],HE,Citriodora,,,,,,F
HE Citriodora [L],HE,Citriodora,,,,,,L
HE Citriodora [MC],HE,Citriodora,,,,,,MC
HE Citriodora [MMC],HE,Citriodora,,,,,,MMC
HE Citron zeste Bio ACTIFLORA 10ml,HE,Citron,zeste,Bio,ACTIFLORA,,10ML,
HE Citron zeste Bio ACTIFLORA 5ml,HE,Citron,zeste,Bio,ACTIFLORA,,5ML,
HE Citron zeste [B],HE,Citron,zeste,,,,,B
HE Citron zeste [C],HE,Citron,zeste,,,,,C
HE Citron zeste [EC],HE,Citron,zeste,,,,,EC
HE Citron zeste [E],HE,Citron,zeste,,,,,E
HE Citron zeste [F],HE,Citron,zeste,,,,,F
HE Citron zeste [L],HE,Citron,zeste,,,,,L
HE Citron zeste [MC],HE,Citron,zeste,,,,,MC
HE Citronelle [B],HE,Citronelle,,,,,,B
HE Citronelle [C],HE,Citronelle,,,,,,C
HE Citronelle [EC],HE,Citronelle,,,,,,EC
HE Citronelle [E],HE,Citronelle,,,,,,E
HE Citronelle [F],HE,Citronelle,,,,,,F
HE Citronelle [L],HE,Citronelle,,,,,,L
HE Citronelle [MC],HE,Citronelle,,,,,,MC
HE Citronnelle Bio ,HE,Citronnelle,Bio,,,,,
HE Citronnelle Bio FFL,HE,Citronnelle,Bio,FFL,,,,
HE Citronnelle [F],HE,Citronnelle,,,,,,F
HE Citronnelle [L],HE,Citronnelle,,,,,,L
HE Combava feuille Bio ,HE,Combava,feuille,Bio,,,,
HE Combava feuille Bio FFL,HE,Combava,feuille,Bio,FFL,,,
HE Combava feuille [B],HE,Combava,feuille,,,,,B
HE Combava feuille [C],HE,Combava,feuille,,,,,C
HE Combava feuille [EC],HE,Combava,feuille,,,,,EC
HE Combava feuille [E],HE,Combava,feuille,,,,,E
HE Combava feuille [F],HE,Combava,feuille,,,,,F
HE Combava feuille [L],HE,Combava,feuille,,,,,L
HE Combava feuille [MC],HE,Combava,feuille,,,,,MC
HE Combava zeste Bio ,HE,Combava,zeste,Bio,,,,
HE Combava zeste Bio FFL,HE,Combava,zeste,Bio,FFL,,,
HE Combava zeste [B],HE,Combava,zeste,,,,,B
HE Combava zeste [C],HE,Combava,zeste,,,,,C
HE Combava zeste [EC],HE,Combava,zeste,,,,,EC
HE Combava zeste [E],HE,Combava,zeste,,,,,E
HE Combava zeste [F],HE,Combava,zeste,,,,,F
HE Combava zeste [L],HE,Combava,zeste,,,,,L
HE Combava zeste [MC],HE,Combava,zeste,,,,,MC
HE Curcuma Bio ACTIFLORA 10ml,HE,Curcuma,Bio,ACTIFLORA,,,10ML,
HE Curcuma Bio FFL [E],HE,Curcuma,Bio,FFL,,,,E
HE Curcuma Bio [E],HE,Curcuma,Bio,,,,,E
HE Curcuma [B],HE,Curcuma,,,,,,B
HE Curcuma [C],HE,Curcuma,,,,,,C
HE Curcuma [EC],HE,Curcuma,,,,,,EC
HE Curcuma [E],HE,Curcuma,,,,,,E
HE Curcuma [F],HE,Curcuma,,,,,,F
HE Curcuma [L],HE,Curcuma,,,,,,L
HE Curcuma [MC],HE,Curcuma,,,,,,MC
HE Cypres rameaux Bio ACTIFLORA 10ml,HE,Cypres,rameaux,Bio,ACTIFLORA,,10ML,
HE Cypres rameaux Bio ACTIFLORA 5ml,HE,Cypres,rameaux,Bio,ACTIFLORA,,5ML,
HE Cypres [B],HE,Cypres,,,,,,B
HE Cypres [C],HE,Cypres,,,,,,C
HE Cypres [EC],HE,Cypres,,,,,,EC
HE Cypres [E],HE,Cypres,,,,,,E
HE Cypres [F],HE,Cypres,,,,,,F
HE Cypres [L],HE,Cypres,,,,,,L
HE Cypres [MC],HE,Cypres,,,,,,MC
HE Essence de mandarine ACTIFLORA 10ml,HE,Essence,mandarine,ACTIFLORA,,,10ML,
HE Essence de mandarine ACTIFLORA 5ml,HE,Essence,mandarine,ACTIFLORA,,,5ML,
HE Essence de mandarine [B],HE,Essence,mandarine,,,,,B
HE Essence de mandarine [C],HE,Essence,mandarine,,,,,C
HE Essence de mandarine [EC],HE,Essence,mandarine,,,,,EC
HE Essence de mandarine [E],HE,Essence,mandarine,,,,,E
HE Essence de mandarine [F],HE,Essence,mandarine,,,,,F
HE Essence de mandarine [L],HE,Essence,mandarine,,,,,L
HE Essence de mandarine [MC],HE,Essence,mandarine,,,,,MC
HE Eucalyptus citronne Bio [E],HE,Eucalyptus,citronne,Bio,,,,E
HE Eucalyptus citronne FFL [E],HE,Eucalyptus,citronne,FFL,,,,E
HE Eucalyptus globuleux Bio ACTIFLORA 10ml,HE,Eucalyptus,globuleux,Bio,ACTIFLORA,,10ML,
HE Eucalyptus globulus Bio [E],HE,Eucalyptus,globulus,Bio,,,,E
HE Eucalyptus globulus FFL [E],HE,Eucalyptus,globulus,FFL,,,,E
HE GI,HE,GI,,,,,,
HE GIROFLE CLOU BIO [E],HE,GIROFLE,CLOU,BIO,,,,E
HE GIROLFE FEUILLES [E],HE,GIROLFE,FEUILLES,,,,,E
HE Gingembre,HE,Gingembre,,,,,,
HE Geranium bourbon Bio ACTIFLORA 10ml,HE,Geranium,bourbon,Bio,ACTIFLORA,,10ML,
HE Geranium bourbon Bio ACTIFLORA 5ml,HE,Geranium,bourbon,Bio,ACTIFLORA,,5ML,
HE Gingembre BIO NOP FFL - MRG [B],HE,Gingembre,BIO,NOP,FFL,-,,B
HE Gingembre BIO NOP FFL - MRG [F],HE,Gingembre,BIO,NOP,FFL,-,,F
HE Gingembre BIO NOP FFL [B],HE,Gingembre,BIO,NOP,FFL,,,B
HE Gingembre BIO NOP FFL [F],HE,Gingembre,BIO,NOP,FFL,,,F
HE Gingembre Bio,HE,Gingembre,Bio,,,,,
HE Gingembre FRAIS [E],HE,Gingembre,FRAIS,,,,,E
HE Gingembre [B],HE,Gingembre,,,,,,B
HE Gingembre [C],HE,Gingembre,,,,,,C
HE Gingembre [EC],HE,Gingembre,,,,,,EC
HE Gingembre [E],HE,Gingembre,,,,,,E
HE Gingembre [F],HE,Gingembre,,,,,,F
HE Gingembre [L],HE,Gingembre,,,,,,L
HE Gingembre [MC],HE,Gingembre,,,,,,MC
HE Gingembre frais BIO FFL [E],HE,Gingembre,frais,BIO,FFL,,,E
HE Gingembre frais Bio ACTIFLORA 10ml,HE,Gingembre,frais,Bio,ACTIFLORA,,10ML,
HE Gingembre frais Bio ACTIFLORA 5ml,HE,Gingembre,frais,Bio,ACTIFLORA,,5ML,
HE Gingembre frais Bio [E],HE,Gingembre,frais,Bio,,,,E
HE Girofle clou BIO,HE,Girofle,clou,BIO,,,,
HE Girofle clou BIO FFL [E],HE,Girofle,clou,BIO,FFL,,,E
HE Girofle clou Bio,HE,Girofle,clou,Bio,,,,
HE Girofle clou Bio ACTIFLORA 10ml,HE,Girofle,clou,Bio,ACTIFLORA,,10ML,
HE Girofle clou Bio ACTIFLORA 5ml,HE,Girofle,clou,Bio,ACTIFLORA,,5ML,
HE Girofle clou [B],HE,Girofle,clou,,,,,B
HE Girofle clou [C],HE,Girofle,clou,,,,,C
HE Girofle clou [EC],HE,Girofle,clou,,,,,EC
HE Girofle clou [E],HE,Girofle,clou,,,,,E
HE Girofle clou [F],HE,Girofle,clou,,,,,F
HE Girofle clou [L],HE,Girofle,clou,,,,,L
HE Girofle clou [MC],HE,Girofle,clou,,,,,MC
HE Girofle clou [MMC],HE,Girofle,clou,,,,,MMC
HE Girofle feuille [B],HE,Girofle,feuille,,,,,B
HE Girofle feuille [C],HE,Girofle,feuille,,,,,C
HE Girofle feuille [EC],HE,Girofle,feuille,,,,,EC
HE Girofle feuille [E],HE,Girofle,feuille,,,,,E
HE Girofle feuille [F],HE,Girofle,feuille,,,,,F
HE Girofle feuille [L],HE,Girofle,feuille,,,,,L
HE Girofle feuille [MC],HE,Girofle,feuille,,,,,MC
HE Girofle feuille bio[E],HE,Girofle,feuille,bio[E],,,,
HE Girofle griffe Bio [E],HE,Girofle,griffe,Bio,,,,E
HE Girofle griffe [B],HE,Girofle,griffe,,,,,B
HE Girofle griffe [C],HE,Girofle,griffe,,,,,C
HE Girofle griffe [EC],HE,Girofle,griffe,,,,,EC
HE Girofle griffe [E],HE,Girofle,griffe,,,,,E
HE Girofle griffe [F],HE,Girofle,griffe,,,,,F
HE Girofle griffe [L],HE,Girofle,griffe,,,,,L
HE Girofle griffe [MC],HE,Girofle,griffe,,,,,MC
HE Globulus [B],HE,Globulus,,,,,,B
HE Globulus [B],HE,Globulus,,,,,,B
HE Globulus [C],HE,Globulus,,,,,,C
HE Globulus [C],HE,Globulus,,,,,,C
HE Globulus [EC],HE,Globulus,,,,,,EC
HE Globulus [EC],HE,Globulus,,,,,,EC
HE Globulus [E],HE,Globulus,,,,,,E
HE Globulus [E],HE,Globulus,,,,,,E
HE Globulus [F],HE,Globulus,,,,,,F
HE Globulus [L],HE,Globulus,,,,,,L
HE Globulus [L],HE,Globulus,,,,,,L
HE Globulus [MC],HE,Globulus,,,,,,MC
HE Globulus [MC],HE,Globulus,,,,,,MC
HE Geranium BIO,HE,Geranium,BIO,,,,,
HE Geranium Bio FFL,HE,Geranium,Bio,FFL,,,,
HE Geranium [B],HE,Geranium,,,,,,B
HE Geranium [C],HE,Geranium,,,,,,C
HE Geranium [EC],HE,Geranium,,,,,,EC
HE Geranium [E],HE,Geranium,,,,,,E
HE Geranium [F],HE,Geranium,,,,,,F
HE Geranium [L],HE,Geranium,,,,,,L
HE Geranium [MC],HE,Geranium,,,,,,MC
HE Geranium bourbon BIO FFL [E],HE,Geranium,bourbon,BIO,FFL,,,E
HE Geranium bourbon Bio [E],HE,Geranium,bourbon,Bio,,,,E
HE Geranium bourbon [E],HE,Geranium,bourbon,,,,,E
HE Helichryse bracte Bio ACTIFLORA 10ml,HE,Helichryse,bracte,Bio,ACTIFLORA,,10ML,
HE Helichryse bractee BIO [E],HE,Helichryse,bractee,BIO,,,,E
HE Helichryse bractee Bio,HE,Helichryse,bractee,Bio,,,,
HE Helichryse bractee [B],HE,Helichryse,bractee,,,,,B
HE Helichryse bractee [C],HE,Helichryse,bractee,,,,,C
HE Helichryse bractee [EC],HE,Helichryse,bractee,,,,,EC
HE Helichryse bractee [E],HE,Helichryse,bractee,,,,,E
HE Helichryse bractee [F],HE,Helichryse,bractee,,,,,F
HE Helichryse bractee [L],HE,Helichryse,bractee,,,,,L
HE Helichryse bractee [MC],HE,Helichryse,bractee,,,,,MC
HE Helichryse gymno BIO,HE,Helichryse,gymno,BIO,,,,
HE Helichryse gymno Bio ACTIFLORA 10ml,HE,Helichryse,gymno,Bio,ACTIFLORA,,10ML,
HE Helichryse gymno Bio [E],HE,Helichryse,gymno,Bio,,,,E
HE Helichryse gymno FFL [E],HE,Helichryse,gymno,FFL,,,,E
HE Helichryse gymno [B],HE,Helichryse,gymno,,,,,B
HE Helichryse gymno [C],HE,Helichryse,gymno,,,,,C
HE Helichryse gymno [EC],HE,Helichryse,gymno,,,,,EC
HE Helichryse gymno [E],HE,Helichryse,gymno,,,,,E
HE Helichryse gymno [F],HE,Helichryse,gymno,,,,,F
HE Helichryse gymno [L],HE,Helichryse,gymno,,,,,L
HE Helichryse gymno [MC],HE,Helichryse,gymno,,,,,MC
HE Katrafay ACTIFLORA 10ml,HE,Katrafay,ACTIFLORA,,,,10ML,
HE Katrafay [B],HE,Katrafay,,,,,,B
HE Katrafay [C],HE,Katrafay,,,,,,C
HE Katrafay [EC],HE,Katrafay,,,,,,EC
HE Katrafay [E],HE,Katrafay,,,,,,E
HE Katrafay [F],HE,Katrafay,,,,,,F
HE Katrafay [L],HE,Katrafay,,,,,,L
HE Katrafay [MC],HE,Katrafay,,,,,,MC
HE LEMONGRASS BIO,HE,LEMONGRASS,BIO,,,,,
HE Lantana [B],HE,Lantana,,,,,,B
HE Lantana [C],HE,Lantana,,,,,,C
HE Lantana [EC],HE,Lantana,,,,,,EC
HE Lantana [E],HE,Lantana,,,,,,E
HE Lantana [F],HE,Lantana,,,,,,F
HE Lantana [L],HE,Lantana,,,,,,L
HE Lantana [MC],HE,Lantana,,,,,,MC
HE Lavande Bio ACTIFLORA 10ml,HE,Lavande,Bio,ACTIFLORA,,,10ML,
HE Lavande Bio ACTIFLORA 5ml,HE,Lavande,Bio,ACTIFLORA,,,5ML,
HE Lavande [B],HE,Lavande,,,,,,B
HE Lavande [C],HE,Lavande,,,,,,C
HE Lavande [EC],HE,Lavande,,,,,,EC
HE Lavande [E],HE,Lavande,,,,,,E
HE Lavande [F],HE,Lavande,,,,,,F
HE Lavande [L],HE,Lavande,,,,,,L
HE Lavande [MC],HE,Lavande,,,,,,MC
HE Lemongrass (citronnelle) Bio ACTIFLORA 10ml,HE,Lemongrass,(citronnelle),Bio,ACTIFLORA,,10ML,
HE Lemongrass BIO FFL [E],HE,Lemongrass,BIO,FFL,,,,E
HE Lemongrass Bio FFL,HE,Lemongrass,Bio,FFL,,,,
HE Lemongrass Bio [E],HE,Lemongrass,Bio,,,,,E
HE Lemongrass [B],HE,Lemongrass,,,,,,B
HE Lemongrass [C],HE,Lemongrass,,,,,,C
HE Lemongrass [EC],HE,Lemongrass,,,,,,EC
HE Lemongrass [E],HE,Lemongrass,,,,,,E
HE Lemongrass [F],HE,Lemongrass,,,,,,F
HE Lemongrass [L],HE,Lemongrass,,,,,,L
HE Lemongrass [MC],HE,Lemongrass,,,,,,MC
HE Menthe poivree,HE,Menthe,poivree,,,,,
HE Menthe poivree Bio ACTIFLORA 100ml,HE,Menthe,poivree,Bio,ACTIFLORA,,100ML,
HE Menthe poivree Bio ACTIFLORA 10ml,HE,Menthe,poivree,Bio,ACTIFLORA,,10ML,
HE Menthe poivree Bio ACTIFLORA 250ml,HE,Menthe,poivree,Bio,ACTIFLORA,,250ML,
HE Menthe poivree Bio ACTIFLORA 5ml,HE,Menthe,poivree,Bio,ACTIFLORA,,5ML,
HE Menthe poivree [B],HE,Menthe,poivree,,,,,B
HE Menthe poivree [C],HE,Menthe,poivree,,,,,C
HE Menthe poivree [EC],HE,Menthe,poivree,,,,,EC
HE Menthe poivree [E],HE,Menthe,poivree,,,,,E
HE Menthe poivree [F],HE,Menthe,poivree,,,,,F
HE Menthe poivree [L],HE,Menthe,poivree,,,,,L
HE Menthe poivree [MC],HE,Menthe,poivree,,,,,MC
HE Niaouli Bio ,HE,Niaouli,Bio,,,,,
HE Niaouli Bio ACTIFLORA 10ml,HE,Niaouli,Bio,ACTIFLORA,,,10ML,
HE Niaouli Bio FFL [E],HE,Niaouli,Bio,FFL,,,,E
HE Niaouli Bio GMP ZONE AMPAMPANAMBO [E],HE,Niaouli,Bio,GMP,ZONE,AMPAMPANAMBO,,E
HE Niaouli Bio GMP ZONE MIAKARA [E],HE,Niaouli,Bio,GMP,ZONE,MIAKARA,,E
HE Niaouli Bio [E],HE,Niaouli,Bio,,,,,E
HE Niaouli FFL [E],HE,Niaouli,FFL,,,,,E
HE Niaouli [B],HE,Niaouli,,,,,,B
HE Niaouli [C],HE,Niaouli,,,,,,C
HE Niaouli [EC],HE,Niaouli,,,,,,EC
HE Niaouli [E],HE,Niaouli,,,,,,E
HE Niaouli [F],HE,Niaouli,,,,,,F
HE Niaouli [L],HE,Niaouli,,,,,,L
HE Niaouli [MC],HE,Niaouli,,,,,,MC
HE Orange douce Bio ACTIFLORA 10ml,HE,Orange,douce,Bio,ACTIFLORA,,10ML,
HE Orange douce Bio ACTIFLORA 5ml,HE,Orange,douce,Bio,ACTIFLORA,,5ML,
HE Orange douce [B],HE,Orange,douce,,,,,B
HE Orange douce [C],HE,Orange,douce,,,,,C
HE Orange douce [EC],HE,Orange,douce,,,,,EC
HE Orange douce [E],HE,Orange,douce,,,,,E
HE Orange douce [F],HE,Orange,douce,,,,,F
HE Orange douce [L],HE,Orange,douce,,,,,L
HE Orange douce [MC],HE,Orange,douce,,,,,MC
HE Orange douce zeste Bio [E],HE,Orange,douce,zeste,Bio,,,E
HE Orange douce zeste FFL [E],HE,Orange,douce,zeste,FFL,,,E
HE PATCHOULI [B],HE,PATCHOULI,,,,,,B
HE PATCHOULI [F],HE,PATCHOULI,,,,,,F
HE Poivre noir Bio ACTIFLORA 10ml,HE,Poivre,noir,Bio,ACTIFLORA,,10ML,
HE Poivre noir Bio [E],HE,Poivre,noir,Bio,,,,E
HE Poivre noir FFL [E],HE,Poivre,noir,FFL,,,,E
HE Poivre noir [B],HE,Poivre,noir,,,,,B
HE Poivre noir [C],HE,Poivre,noir,,,,,C
HE Poivre noir [EC],HE,Poivre,noir,,,,,EC
HE Poivre noir [E],HE,Poivre,noir,,,,,E
HE Poivre noir [F],HE,Poivre,noir,,,,,F
HE Poivre noir [L],HE,Poivre,noir,,,,,L
HE Poivre noir [MC],HE,Poivre,noir,,,,,MC
HE Psiadia [B],HE,Psiadia,,,,,,B
HE Psiadia [C],HE,Psiadia,,,,,,C
HE Psiadia [EC],HE,Psiadia,,,,,,EC
HE Psiadia [E],HE,Psiadia,,,,,,E
HE Psiadia [F],HE,Psiadia,,,,,,F
HE Psiadia [L],HE,Psiadia,,,,,,L
HE Psiadia [MC],HE,Psiadia,,,,,,MC
HE RAVINTSARA BIO FFL,HE,RAVINTSARA,BIO,FFL,,,,
HE Ravintsara BIO,HE,Ravintsara,BIO,,,,,
HE Ravintsara BIO FFL [E],HE,Ravintsara,BIO,FFL,,,,E
HE Ravintsara Bio ACTIFLORA 10ml,HE,Ravintsara,Bio,ACTIFLORA,,,10ML,
HE Ravintsara Bio ACTIFLORA 5ml,HE,Ravintsara,Bio,ACTIFLORA,,,5ML,
HE Ravintsara Bio [E],HE,Ravintsara,Bio,,,,,E
HE Ravintsara [B],HE,Ravintsara,,,,,,B
HE Ravintsara [C],HE,Ravintsara,,,,,,C
HE Ravintsara [EC],HE,Ravintsara,,,,,,EC
HE Ravintsara [E],HE,Ravintsara,,,,,,E
HE Ravintsara [F],HE,Ravintsara,,,,,,F
HE Ravintsara [L],HE,Ravintsara,,,,,,L
HE Ravintsara [MC],HE,Ravintsara,,,,,,MC
HE Ricin [B],HE,Ricin,,,,,,B
HE Ricin [C],HE,Ricin,,,,,,C
HE Ricin [EC],HE,Ricin,,,,,,EC
HE Ricin [E],HE,Ricin,,,,,,E
HE Ricin [F],HE,Ricin,,,,,,F
HE Ricin [L],HE,Ricin,,,,,,L
HE Ricin [MC],HE,Ricin,,,,,,MC
HE Romarin Bio ACTIFLORA 10ml,HE,Romarin,Bio,ACTIFLORA,,,10ML,
HE Romarin [B],HE,Romarin,,,,,,B
HE Romarin [C],HE,Romarin,,,,,,C
HE Romarin [EC],HE,Romarin,,,,,,EC
HE Romarin [E],HE,Romarin,,,,,,E
HE Romarin [F],HE,Romarin,,,,,,F
HE Romarin [L],HE,Romarin,,,,,,L
HE Romarin [MC],HE,Romarin,,,,,,MC
HE Saro Bio ACTIFLORA 10ml,HE,Saro,Bio,ACTIFLORA,,,10ML,
HE Saro Bio [E],HE,Saro,Bio,,,,,E
HE Saro FFL [E],HE,Saro,FFL,,,,,E
HE Saro [B],HE,Saro,,,,,,B
HE Saro [C],HE,Saro,,,,,,C
HE Saro [EC],HE,Saro,,,,,,EC
HE Saro [E],HE,Saro,,,,,,E
HE Saro [F],HE,Saro,,,,,,F
HE Saro [L],HE,Saro,,,,,,L
HE Saro [MC],HE,Saro,,,,,,MC
HE Sortie stock [B],HE,Sortie,stock,,,,,B
HE Synergie 5HE Bio ACTIFLORA 10ml,HE,Synergie,5HE,Bio,ACTIFLORA,,10ML,
HE TAGETE [C],HE,TAGETE,,,,,,C
HE TAGETE [F],HE,TAGETE,,,,,,F
HE TAGETE [L],HE,TAGETE,,,,,,L
HE Tagetes [B],HE,Tagetes,,,,,,B
HE Tea tree Bio ACTIFLORA 10ml,HE,Tea,tree,Bio,ACTIFLORA,,10ML,
HE Tea tree Bio ACTIFLORA 5ml,HE,Tea,tree,Bio,ACTIFLORA,,5ML,
HE Tea tree [B],HE,Tea,tree,,,,,B
HE Tea tree [C],HE,Tea,tree,,,,,C
HE Tea tree [EC],HE,Tea,tree,,,,,EC
HE Tea tree [E],HE,Tea,tree,,,,,E
HE Tea tree [F],HE,Tea,tree,,,,,F
HE Tea tree [L],HE,Tea,tree,,,,,L
HE Tea tree [MC],HE,Tea,tree,,,,,MC
HE Terebenthine Bio ACTIFLORA 10ml,HE,Terebenthine,Bio,ACTIFLORA,,,10ML,
HE Terebenthine [B],HE,Terebenthine,,,,,,B
HE Terebenthine [C],HE,Terebenthine,,,,,,C
HE Terebenthine [EC],HE,Terebenthine,,,,,,EC
HE Terebenthine [E],HE,Terebenthine,,,,,,E
HE Terebenthine [F],HE,Terebenthine,,,,,,F
HE Terebenthine [L],HE,Terebenthine,,,,,,L
HE Terebenthine [MC],HE,Terebenthine,,,,,,MC
HE Thym Bio ACTIFLORA 10ml,HE,Thym,Bio,ACTIFLORA,,,10ML,
HE Thym Bio ACTIFLORA 5ml,HE,Thym,Bio,ACTIFLORA,,,5ML,
HE Thym [B],HE,Thym,,,,,,B
HE Thym [C],HE,Thym,,,,,,C
HE Thym [EC],HE,Thym,,,,,,EC
HE Thym [E],HE,Thym,,,,,,E
HE Thym [F],HE,Thym,,,,,,F
HE Thym [L],HE,Thym,,,,,,L
HE Thym [MC],HE,Thym,,,,,,MC
HE VETIVER Bio ACTIFLORA 10ml,HE,VETIVER,Bio,ACTIFLORA,,,10ML,
HE Vetiver BIO,HE,Vetiver,BIO,,,,,
HE Vetiver BIO FFL,HE,Vetiver,BIO,FFL,,,,
HE Vetiver BIO FFL [E],HE,Vetiver,BIO,FFL,,,,E
HE Vetiver Bio [E],HE,Vetiver,Bio,,,,,E
HE Vetiver [B],HE,Vetiver,,,,,,B
HE Vetiver [C],HE,Vetiver,,,,,,C
HE Vetiver [EC],HE,Vetiver,,,,,,EC
HE Vetiver [E],HE,Vetiver,,,,,,E
HE Vetiver [F],HE,Vetiver,,,,,,F
HE Vetiver [L],HE,Vetiver,,,,,,L
HE Vetiver [MC],HE,Vetiver,,,,,,MC
HE Vetivier Bio ACTIFLORA 10ml,HE,Vetivier,Bio,ACTIFLORA,,,10ML,
HE YLANG 2 BIO,HE,YLANG,2,BIO,,,,
HE YLANG EXTRA BIO,HE,YLANG,EXTRA,BIO,,,,
HE Ylang 1 Bio [E],HE,Ylang,1,Bio,,,,E
HE Ylang 1 FFL [E],HE,Ylang,1,FFL,,,,E
HE Ylang 1 [B],HE,Ylang,1,,,,,B
HE Ylang 1 [C],HE,Ylang,1,,,,,C
HE Ylang 1 [EC],HE,Ylang,1,,,,,EC
HE Ylang 1 [E],HE,Ylang,1,,,,,E
HE Ylang 1 [F],HE,Ylang,1,,,,,F
HE Ylang 1 [L],HE,Ylang,1,,,,,L
HE Ylang 1 [MC],HE,Ylang,1,,,,,MC
HE Ylang 2 Bio [E],HE,Ylang,2,Bio,,,,E
HE Ylang 2 FFL [E],HE,Ylang,2,FFL,,,,E
HE Ylang 2 [B],HE,Ylang,2,,,,,B
HE Ylang 2 [C],HE,Ylang,2,,,,,C
HE Ylang 2 [EC],HE,Ylang,2,,,,,EC
HE Ylang 2 [E],HE,Ylang,2,,,,,E
HE Ylang 2 [F],HE,Ylang,2,,,,,F
HE Ylang 2 [L],HE,Ylang,2,,,,,L
HE Ylang 2 [MC],HE,Ylang,2,,,,,MC
HE Ylang 3 BIO,HE,Ylang,3,BIO,,,,
HE Ylang 3 Bio [E],HE,Ylang,3,Bio,,,,E
HE Ylang 3 FFL [E],HE,Ylang,3,FFL,,,,E
HE Ylang 3 [B],HE,Ylang,3,,,,,B
HE Ylang 3 [C],HE,Ylang,3,,,,,C
HE Ylang 3 [EC],HE,Ylang,3,,,,,EC
HE Ylang 3 [E],HE,Ylang,3,,,,,E
HE Ylang 3 [F],HE,Ylang,3,,,,,F
HE Ylang 3 [L],HE,Ylang,3,,,,,L
HE Ylang 3 [MC],HE,Ylang,3,,,,,MC
HE Ylang Complete BIO,HE,Ylang,Complete,BIO,,,,
HE Ylang Complete Bio [E],HE,Ylang,Complete,Bio,,,,E
HE Ylang Complete FFL [E],HE,Ylang,Complete,FFL,,,,E
HE Ylang Complete [B],HE,Ylang,Complete,,,,,B
HE Ylang Complete [C],HE,Ylang,Complete,,,,,C
HE Ylang Complete [EC],HE,Ylang,Complete,,,,,EC
HE Ylang Complete [E],HE,Ylang,Complete,,,,,E
HE Ylang Complete [F],HE,Ylang,Complete,,,,,F
HE Ylang Complete [L],HE,Ylang,Complete,,,,,L
HE Ylang Complete [MC],HE,Ylang,Complete,,,,,MC
HE Ylang Extra Bio [E],HE,Ylang,Extra,Bio,,,,E
HE Ylang Extra [B],HE,Ylang,Extra,,,,,B
HE Ylang Extra [C],HE,Ylang,Extra,,,,,C
HE Ylang Extra [EC],HE,Ylang,Extra,,,,,EC
HE Ylang Extra [E],HE,Ylang,Extra,,,,,E
HE Ylang Extra [F],HE,Ylang,Extra,,,,,F
HE Ylang Extra [L],HE,Ylang,Extra,,,,,L
HE Ylang Extra [MC],HE,Ylang,Extra,,,,,MC
HE Ylang-ylang Bio ACTIFLORA 10ml,HE,Ylang-ylang,Bio,ACTIFLORA,,,10ML,
HE Ylang-ylang Bio ACTIFLORA 5ml,HE,Ylang-ylang,Bio,ACTIFLORA,,,5ML,
HE niaouli BIO PHARMA,HE,niaouli,BIO,PHARMA,,,,
HE Menthe Poivre,HE,Menthe,Poivre,,,,,
HE Palmarosa [B],HE,Palmarosa,,,,,,B
